,title,price
0,FUJIFILM INSTAX MINI 9 แถมฟรีอัลบั้ม+กรอบรูป รับประกันศูนย์,"฿1,689.00"
1,Fujifilm instax mini Evo (Film Camera) [กล้องฟิล์ม] - ประกันศูนย์,"฿7,590.00"
2,Fujifilm Instax Mini 9 กล้องโพลารอยด์ Instant Film Camera ประกันศูนย์ 1 ปี กล้องอินสแตนท์ กล้องฟิล์ม,"฿1,690.00"
3,Fujifilm instax mini 11 (Instant Film Camera) [กล้องฟิล์ม] - ประกันศูนย์,"฿2,290.00"
4,Kodak M35 แท้100% กล้องฟิล์มโกดักM35 Kodak Film Camera M35 แถมแบตเตอรี่ สายคล้องมือ สติ๊กเกอร์ เปลี่ยนฟิล์มได้ สีเหลือง เขียวมิ้น ม่วง ชมพู แดง MASINA,฿790.00
5,กล้องฟิล์ม 35มม. กล้องทอย TRL DIY - LOMO DIY Dual Lens Reflex Camera Retro Classic,฿358.00
6,กล้องโพลาลอยด์ Instax mini9 กล้องอินสแตนท์ประกันศูนย์ฟูจิฟิล์มไทยแลน์ 1 ปี ( ถ่ายปุ๊ป รูปออกมาปั๊ป )(instant camera กล้องฟิล์ม),"฿1,590.00"
7,FUJIFILM instax mini 9,"฿1,690.00"
8,Tomy Printoss เครื่องพิมพ์ภาพถ่ายโพลารอยด์จากมือถือ ไม่ต้องใช้แบตเตอรี่ สั่งพิมพ์แล้วได้ทันที,฿239.00
9,กล้องโพลาลอยด์ Instax mini9 แถมฟรีฟิล์มโพลารอยด์ 10 รูป กล้องอินสแตนท์ประกันศูนย์ฟูจิฟิล์มไทยแลน์ 1 ปี  ( ภ่ายปุ๊ป ปริ้นรูปครับ ) instax,"฿1,990.00"
10,FUJIFILM INSTAX MINI 9 แถมฟรีFilm pack10*1pack+อัลบั้ม+กรอบรูป รับประกันศูนย์,"฿1,899.00"
11,FUJIFILM INSTAX MINI 40 Instant Film Camera *แถมฟรีFilm 1Pack+ กรอบรูป+อัลบั้มใส่รูป120รูป* รับประกันศูนย์1ปี,"฿3,390.00"
12,*ส่งฟรี*ฟิล์มโพลารอยด์ Mini Fuji Instax film แพค10รูป x10กล่อง(100 รูป)*ของแท้100%*Lotใหม่หมดอายุ10/2023*,"฿2,199.00"
13,Fujifilm Instax Mini Link Smartphone Printer เครื่องพิมพ์สมาร์ทโฟน แถมฟิล์ม 40 แผ่น ( แท้100% รับประกันศูนย์ไทย 1 ปี ),"฿5,180.00"
14,Fuji Instax Mini9 ประกันศูนย์,"฿1,750.00"
15,กล้องโพลาลอยด์ Instax mini9 กล้องอินสแตนท์ ( เจ้าของเดี๋ยวกับร้าน ohmshop_p สอบถามที่ร้านได้เลยครับ ) ประกันศูนย์ฟูจิฟิล์มไทยแลน์ 1 ปี ส่งด่วนทัก,"฿1,690.00"
16,FUJIFILM Instax SQUARE SQ6 Taylor Swift,"฿6,990.00"
17,INSTAX Link Wide Smartphone Printer (กล้องอินสแตนท์),"฿5,790.00"
18,Fujifilm instax SQUARE SQ1 (Film Camera) [กล้องฟิล์ม] - ประกันศูนย์,"฿4,290.00"
19,Instax Mini 40 (กล้องอินสแตนท์),"฿3,590.00"
20,กล้องดิจิตอล Lecran FHD 1080P กล้องบล็อก 36 ล้านพิกเซลพร้อมจอ LCD ดิจิตอลซูม 16 เท่า,"฿1,799.00"
21,FUJIFILM INSTAX MINI9 แถมฟรีFilm pack10*1pack รับประกันศูนย์,"฿1,858.00"
22,【เมนูภาษาไทย】กล้องดิจิตอลซูมดิจิตอล Full HD 4K 16x กล้อง HD กล้องดิจิตอลซูมระดับมืออาชี กล้องถ่ายรูปกับวิดีโอบล็อกที่ความ,"฿2,788.00"
23,【เมนูภาษาไทย】กล้องดิจิตอล48MP ให้การ์ดหน่วยความจำ 32GB หน้าจอ 3.0 นิ้ว ความคมชัด 18 ล้านพิกเซล ความละเอียด 4K มีระบบกันสั่น,"฿2,788.00"
24,Printoss (Kiipix) เครื่องพิมพ์ภาพ Polaroid จากมือถือ ไม่ใช้แบต ไม่ต้องเชื่อมต่อใดๆ ***สามารถใช้ฟิล์มโพราลอยด์ของฟูจิได้,฿990.00
25,Fujifilm Instax Mini 9 Mickey Mouse Set โพลารอยด์ mini 9 เซ็ตสุดคุ้ม รับประกันศูนย์ไทย,"฿4,790.00"
26,กล้องPixtoss Instant รุ่นใหม่ล่าสุดจากประเทศญี่ปุ่น,"฿2,190.00"
27,กล้องดิจิตอล Lecran FHD 1080P กล้องบล็อก 36 ล้านพิกเซลพร้อมจอ LCD ดิจิตอลซูม 16 เท่า,"฿2,200.00"
28,กระเป๋ากล้อง Instax Mini11 พร้อมสายสะพายยาว,฿350.00
29,กล้องโพลาลอยด์ Instax mini9 แถมฟรีฟิล์มโพลารอยด์ 10 รูป กล้องอินสแตนท์ประกันศูนย์ฟูจิฟิล์มไทยแลน์ 1 ปี (ร้านเดียวกับ Ohmshop_p) instax,"฿1,890.00"
30,กล้องแอบถ่าย กล้องจิ๋วกระทัดรัด กล้องกันน้ำ กล้องติดหมวกกันน๊อค SQ11 Camera กล้องจิ๋ว กล้องบันทึก140°Car กล้องมินิ Mini Hidden Spy Camera กล้องติดหมวกกันน็อค Full HD Cam Video กล้องแอบถ่าย Recorder กล้องติดรถยนต์ มีอินฟราเรด คมชัด FPV with IR Night Vision,฿137.00
31,Fujifilm Instax Mini 9 กล้องฟิล์มอินสแตนท์ สินค้ารับประกันศูนย์ประเทศไทย BY Eastbourne Camera,"฿1,689.00"
32,Fujifilm INSTAX Mini LINK*แถมฟรีFilmpack10x1 Pack+ชุดกรอบรูป+อัลบั้ม120รูป-รับประกันศูนย์ 1 ปี,"฿3,790.00"
33,กล้องดิจิตอล Lecran FHD 1080P กล้องบล็อก 36 ล้านพิกเซลพร้อมจอ LCD ดิจิตอลซูม 16 เท่า,"฿1,799.00"
34,Fujifilm instax mini 11 Instant Film Camera ( กล้องโพลารอยด์ mini 11 รับประกันศูนย์ไทย 1 ปี ) แถมฟรี ฟิล์ม1กล่อง10ใบ,"฿2,690.00"
35,Lamb กล้องถ่ายใต้น้ำ กล้องแอ็คชั่นคาเมร่า กล้องดำน้ำ Cycling outdoor sports camera DV 2.0 inch screen camera,฿269.00
36,ส่งฟรี ทุกท้องที่ กล้อง Fuji film instax mini7s,"฿1,530.00"
37,กล้องฟิล์ม MEMO YAMA ใหม่แท้100% แบรนด์จากญี่ปุ่น แถมฟรี!!! สายกล้องคอ+แบตเตอรี่ สุดคุ้ม!! กล้องเปลี่ยนฟิล์มได้ ใช้ฟิล์ม35mm YAMA Film Camera Japan MASINA STUDIO,"฿1,190.00"
38,Fujifilm Instax mini film ขอบขาว [20 sheets] Film Photo Paper Snapshot Album Instant Print แผ่นแผ่นฟิล์มสีขาวรูปถ่าย Snapshot Album พิมพ์สำหรับ Fujifilm Instax Mini 7 S/8 /25/90 Outdoorfree ของแท้100% ฟิล์มโพลารอยด์ fujifilm instax mini film /polaroid,฿790.00
39,【แถมอุปกรณ์ครบชุด】กล้องดิจิตอล Lecran FHD 1080P กล้องบล็อก 36 ล้านพิกเซลพร้อมจอ LCD ดิจิตอลซูม 16 เท่า,"฿1,988.00"
40,Fujifilm กล้องอินสแตนท์ ถ่ายปุ๊ป ได้รูปปั๊ป รุ่น Instax mini 9 (สี Smoky White)   ขอแท้ ประกันศูนย์ 1 ปี,"฿1,990.00"
41,Fujifilm Instax mini 9 BNK48 Edition (ประกันศูนย์) กล้องโพลารอยด์ mini 9 BNK48 สุดลิมิเต็ด,"฿4,990.00"
42,กล้องอินสแตนท์  / instant camera CANON INSPIC CV-123A /Free Canon Paper ZP-2030(20 Sheet)รับประกันศูนย์ Canon 1 ปี Exclusive @ Lazada,"฿3,298.00"
43,ขาดูดกระจก กล้องติดรถ​ขายึดกล้องติดรถยนต์สูญญากาศ แบบหัวสไลด์​,฿70.00
44,Fujifilm instax mini 40 (Instant Film Camera) [กล้องฟิล์ม] - ประกันศูนย์,"฿3,590.00"
45,ขายกล้องฟิล์ม Minolta a7700i พร้อมแพลตล่างแท้ พร้อมเลนส์ 75-200mm F4.5,"฿3,400.00"
46,Kodak M35 M38 Camera - 35mm Roll Film Camera Point-and-shoot with Flash Reusable Film Camera Non Disposable,฿699.00
47,กล้องแอบถ่าย กล้องจิ๋วกระทัดรัด กล้องกันน้ำ กล้องติดหมวกกันน๊อค SQ11 Camera กล้องจิ๋ว กล้องบันทึก140°Car กล้องมินิ Mini Hidden Spy Camera กล้องติดหมวกกันน็อค Full HD Cam Video กล้องแอบถ่าย Recorder กล้องติดรถยนต์ มีอินฟราเรด คมชัด FPV with IR Night Vision,฿137.00
48,Printoss เครื่องพิมพ์ภาพถ่ายโพลารอยด์จากมือถือ ไม่ต้องใช้แบตเตอรี่ สั่งพิมพ์แล้วได้ทันที ใช้กับ film fuji mini instax,฿990.00
49,สายชาร์จกล้องหน้ารถ Car DVR Camera GPS miniUSB พร้อม  Port USB 2 ช่อง,฿99.00
50,กล้องถ่ายรูปKodak Mini Shot(Photo Printer),"฿4,990.00"
51,Kodak Mini 2 (Photo Printer),"฿3,890.00"
52,กล้อง Fuji instax mini11 แถมฟิล์ม,"฿2,500.00"
53,FUJI INSTAX MINI9 GIFTSET (กล้อง+ฟิล์ม+เคสใส หรือกระเป๋าหนัง),"฿2,140.00"
54,กันน้ำ LOMO เด็กกล้องฟิล์มกันน้ำใต้น้ำดำน้ำย้อนยุคกล้องจุดและยิงกับกรณีกันน้ำสำหรับเด็ก,฿159.00
55,Peripage A6 (เพอริเพจ เอ6) เครื่องปริ้นหมี เมนูภาษาไทย รองรับการปริ้นฉลาก App ขนส่ง,฿739.00
56,Giftset กล้อง instax mini9 (กล้องพร้อม ฟิลม กระเป๋า อัลบั้ม),"฿2,300.00"
57,กล้องฟิล์ม Fujifilm Instax Mini LiPlay ( stone white ) ของแท้ 100%,"฿10,590.00"
58,KODAK M38 Film Camera [กล้องเปลี่ยนฟิล์มได้],฿850.00
59,Fuji Instax mini11 Combo set,"฿2,850.00"
60,Durable Transparent Instant Camera Case Cover for Checky Instax Mini 8/8+/9,฿81.00
61,ฟิล์มใหม่ Kodak ColorPlus 200​ 1 ม้วน,฿299.00
62,กล้องฟิล์ม Kodak M35 กล้อง HOT ยอด HIT พร้อมจัดส่ง ‼,฿890.00
63,Fujifilm instax mini 70 Instant Film Camera กล้องโพลารอยด์ instax mini 70 ( รับประกันศูนย์ไทย 1 ปี ),"฿5,590.00"
64,กล้อง Fuji Instax mini40 ประกันศูนย์,"฿3,290.00"
65,กล้องดิจิตอล Lecran FHD 1080P 36.0 พร้อมจอ LCD 16 ตัว กล้องจิ๋วพกพาขนาดกะทัดรัด เหมาะสำหรับนักเรียน นักศึกษา วัยรุ่น เด็ก (สีชมพู),"฿1,799.00"
66,Fujifilm Instax Share SP-3 ฟรี ฟิล์ม Mini SQโดย GinkoTown,"฿4,330.00"
67,AgfaPhoto Reusable Photo Camera 35mm (Film Camera) [กล้องฟิล์ม],"฿1,390.00"
68,StarALL Digital Video Camera Full HD 1080P 16MP Recorder with Wide Angle Lens for YouTube Vlogging,฿748.00
69,Kodak M35 Camera - 35mm Roll Film Camera Point-and-shoot with Flash Reusable Film Camera Non Disposable + Kodak Color Plus 200 Film 36 Exposures,฿909.00
70,Kodak M38  กล้องถ่ายรูป เปลี่ยนฟิล์มได้ มีแฟลชในตัว + AAA 1 ก้อน Panasonic Alkaline Battery,฿929.00
71,กล้องฟิล์ม Holga 120FN สีดำ,฿990.00
72,สายชาร์จกล้องหน้ารถ Car DVR Camera GPS miniUSB พร้อม  Port USB 2 ช่อง,฿100.00
73,PIXTOSS INSTANT TOY CAMERA *แถมฟรี Film 1Pack+กรอบรูป+อัลบั้มใส่รูป120รูป รับประกันศูนย์1ปี,"฿2,289.00"
74,ขาย กล้องฟิล์ม Pentax MZ-M Serial 9477634,฿500.00
75,ขายกล้องฟิล์ม Pentax MZ-50 Body Only Serial 2391831,฿500.00
76,ขายกล้องฟิล์ม Minolta XG-E สุดยอดแห่งความ Classic ทนทาน ใช้ง่าย ถ่ายรูปสวย พร้อมเลนส์ 50mm F1.7,"฿4,600.00"
77,Fuji Simple Ace 400  กล้องใช้แล้วทิ้ง หมดอายุปี06/22,฿988.00
78,Pixtoss INSTANT TOY CAMERA ประกันศูนย์ไทย 1ปี,"฿2,190.00"
79,ขายกล้องฟิล์ม Canon EOS Kiss serial 9009037 Body Only,"฿2,200.00"
80,ขายกล้องฟิล์ม Minolta a7000 serial 11153064 Body Only,"฿1,400.00"
81,ขายกล้องฟิล์ม Pentax Z-10 Body Only Serial 6117308 พร้อมเลนส์ Sigma 100-300mm,"฿4,800.00"
82,Fujifilm Instax Mini juice Instant Film Camera film-insurance center Mini Monitor WiFi camera wireless camera 1080P camera mini camera,฿199.00
83,FujiFilm Instax mini 11 ประกันศูนย์ไทย 1 ปี,"฿2,290.00"
84,ส่งฟรี ทุกท้องที่ film fuji c200 36 รูป,฿698.00
85,กล้องดิจิตอล Lecran FHD 1080P 36.0 พร้อมจอ LCD 16 ตัว กล้องจิ๋วพกพาขนาดกะทัดรัด เหมาะสำหรับนักเรียน นักศึกษา วัยรุ่น เด็ก (สีแดง),"฿1,799.00"
86,ขายกล้องฟิล์ม Pentax MZ-50 Body Only Serial 8198154,฿500.00
87,FUJIFILM INSTAX WIDE LINK (ปริ้นเตอร์โพลารอยด์),"฿5,690.00"
88,PIXTOSS INSTANT TOY CAMERA *แถมฟรี กรอบรูป+อัลบั้มใส่รูป120รูป รับประกันศูนย์1ปี,"฿2,098.00"
89,ขายกล้องฟิล์ม Canon EOS Kiss serial 0314086 Body Only กล้องฟิล์มสำหรับคนมีเลนส์ EF อยู่เเล้ว เอาไปใช้ได้เลยไม่ต้องหาเลนส์ใหม่,"฿2,200.00"
90,Adapterตัวแปลงไฟบ้าน 220Vเป็นไฟรถยนต์ 12V DC 220V to 12V,฿60.00
91,สายชาร์จในรถยนต์ สายชาร์จกล้องติดรถยนต์ 5 ยาว3เมตรmini USB,฿70.00
92,Fujifilm Instax share sp-2(Gold) 4.8,"฿4,330.00"
93,กล้องฟิล์ม Hello Kitty สีแดง 2Way แบรนด์ Sanrio,"฿1,150.00"
94,ส่งฟรี ทุกท้องที่ กล้องฟิล์ม Fuji film instax mini ฟิล์มโพลารอยด์ ฟิล์มโพลารอยด์ (ฟูจิแท้),฿746.00
95,ขายกล้องฟิล์ม Canon EOS Kiss serial 9009037 พร้อมเลนส์ Canon 80-200mm,"฿3,200.00"
96,ขายกล้องฟิล์ม Pentax Z-1 Body Only Serial 5897450,฿500.00
97,ขายกล้องฟิล์ม Minolta a7700i Serial 15303763 พร้อมเลนส์ Minolta 100-300mm,"฿4,200.00"
98,กล้องมินิ WiFi 360 องศา ภาพชัด2ล้าน กล้องแอบถ่ายP2P กล้องวงจรปิดจิ๋ว ไร้สาย,฿800.00
99,Kodak Agfa Fuji กล้องฟิล์ม เปลี่ยนฟิล์มได้ M35 M38 F9 / กล้องใช้แล้วทิ้ง Film Camera กล้อง ฟิล์ม โกดัก ฟูจิ 135 35 mm...,฿640.00
100,[กรุงเทพฯ ด่วน 1 ชั่วโมง] Fujifilm Instax Mini 9 กล้องโพลารอยด์ Instant Film Camera ประกันศูนย์ 1 ปี,"฿2,980.00"
101,Tomy Printoss เครื่องพิมพ์ภาพถ่ายโพลารอยด์จากมือถือ ไม่ต้องใช้แบตเตอรี่ สั่งพิมพ์แล้วได้ทันที,฿949.00
102,กล้องถ่ายรูป กล้องถ่ายภาพ กล้องฟิล์ม fuji กล้องอินสแตนท์ Instax Mini 7s กล้องโพลารอยด์ Polaroid 60mm f/12.7 Lens สีฟ้า ร้าน Red Shop,"฿1,721.00"
103,ขายกล้องฟิล์ม Pentax ME สุดยอดแห่งความ Classic ทนทาน ใช้ง่าย ถ่ายรูปสวย พร้อมเลนส์ 50mm F1.7 Serial 1353834,"฿5,700.00"
104,กล้อง Fuji instax SQ1 ประกันศูนย์1ปี,"฿3,390.00"
105,กล้องกระดุม  Wifi กล้องจิ๋ว กล้องแอบถ่าย กล้องซ่อน กล้องวงจรปิดไร้สาย  Mini camera,฿850.00
106,ขายกล้องฟิล์ม Pentax MZ-10 Serial  8315963 Body Only กล้องฟิล์มถูกๆ สำหรับคนอยากเริ่มถ่ายฟิล์ม,"฿2,900.00"
107,Kodak Agfa Fuji กล้องฟิล์ม เปลี่ยนฟิล์มได้ M35 M38 F9 / กล้องใช้แล้วทิ้ง Film Camera กล้อง ฟิล์ม โกดัก ฟูจิ 135 35 mm...,฿640.00
108,ขาย กล้องฟิล์ม Minolta A7000 Serial 13254927,฿500.00
109,ขายกล้องฟิล์ม Minolta Sweet A,฿500.00
110,ขายกล้องฟิล์ม Praktica Nova 1 (M42),"฿2,200.00"
111,ขาย กล้องฟิล์ม Minolta a7700i Serial 17253847,฿500.00
112,Printoss พิมพ์ภาพถ่ายโพลารอยด์จากมือถือ ไม่ต้องใช้แบตเตอรี่ สั่งพิมพ์แล้วได้ทันที (ไม่รวมฟิล์ม),฿990.00
113,ฟิล์ม Fuji C200 24 / 36 รูป 135 35mm Fujifilm ISO 200 ฟูจิ ฟิล์มสี กล้องฟิล์ม ฟิล์มกล้อง,฿618.00
114,กล้องฟิล์ม กันน้ำ 💦 กล้อง lomo housing กันน้ำ กล้องกันน้ำ กล้องฟิล์มน่ารัก กล้องป๊อกแป๊ก กล้องทอยกันน้ำ เที่ยวทะเล,฿488.00
115,ขายกล้องฟิล์ม Minolta a303si Body Only Serial 94619138,฿500.00
116,[กรุงเทพฯ ด่วน 1 ชั่วโมง] Fujifilm Instax Mini 9 กล้องโพลารอยด์ Instant Film Camera ประกันศูนย์ 1 ปี,"฿2,980.00"
117,Tomy Printoss เครื่องพิมพ์ภาพถ่ายโพลารอยด์จากมือถือ ไม่ต้องใช้แบตเตอรี่ สั่งพิมพ์แล้วได้ทันที,฿990.00
118,Fujifilm Instax Mini 40 Instant Film Camera กล้องฟิล์ม - ประกันศูนย์เเถมฟรี ฟิล์มขาว 1 กล่อง,"฿3,290.00"
119,ขายกล้องฟิล์ม Minolta a5xi serial 60302473 Body Only,฿900.00
120,✺พร้อมส่งกล้องฟิล์มใช้แล้วทิ้ง Kodak DayLight iso800รุ่น39ภาพรุ่น27ภาพ♜,฿697.00
121,Polaroid GO -White กล้องโพลารอยด์ที่เล็กที่สุดในโลก ประกันศูนย์ไทย,"฿5,190.00"
122,AgfaPhoto Analog 35mm Reusable - กล้องฟิล์ม  by CameraOutlet (สินค้ารับประกันศูนย์),"฿1,390.00"
123,ปลั๊กแปลงไฟบ้านเป็นไฟรถ 220V AC to 12V DC Car  Lighter Wall Power,฿60.00
124,ขายกล้องฟิล์ม Pentax Spotmatic สุดยอดแห่งความ Classic ทนทาน ใช้ง่าย ถ่ายรูปสวย พร้อมเลนส์ Takumar 55mm F1.8,"฿6,800.00"
125,กล้องโพลาลอยด์ Instax mini9 กล้องอินสแตนท์ Instax mini9 ประกันศูนย์ฟูจิฟิล์มไทยแลน์ 1 ปี ส่งด่วนทัก,"฿3,590.00"
126,กล้องดิจิตอล Lecran FHD 1080P กล้องบล็อก 36 ล้านพิกเซลพร้อมจอ LCD ดิจิตอลซูม 16 เท่า,"฿1,799.00"
127,ขายกล้องฟิล์ม Minolta a5xi serial 60302473 พร้อมเลนส์ Tokina 28-210m F3.5-5.6,"฿4,800.00"
128,กล้องโพลารอยด์ Fujifilm Instax Mini 9 หลากหลายสี กดถ่ายปุ๊ปได้รูปทันที! ขนาดกะทัดรัด มาพร้อมแฟลชและช่องมองภาพในตัว กล้อง fuji กล้องฟิล์ม กล้อง instax กล้อง polaroid กล้อง ฟูจิ กล้อง instax mini 9 กล้องโพลารอยด์ fujifilm instax mini 9 ราคาถูก ของแท้100%,"฿1,990.00"
129,ขาย กล้องฟิล์ม Minolta a303si Serial 94712451,฿500.00
130,ขายกล้องฟิล์ม Pentax Z-10 Body Only Serial 6117308,"฿2,500.00"
131,ขายกล้องฟิล์ม Minolta a7000 serial 13207356 สำหรับตั้งโชว์,฿490.00
132,✳ กล้องฟิล์ม ฟรีถ่าน พร้อมส่ง ของแท้ Vibe Photo 501F สีเงินแชมเปญ ใส่ฟิล์มอีกได้ ใช้ฟิล์ม 135 (ไม่ได้แถมฟิล์ม)♕,฿817.00
133,ขายกล้องฟิล์ม Minolta a7xi  Serial 21125679 พร้อมเลนส์ 28-200mm,"฿4,300.00"
134,ขายกล้องฟิล์ม Pentax Spotmatic SL สุดยอดแห่งความ Classic ทนทาน ใช้ง่าย ถ่ายรูปสวย Body Only Serial 3055361,"฿3,000.00"
135,[ Auftag ]  กล้องKodak M35 📷 กล้องฟิล์ม พร้อมส่งจากกรุงเทพ ถามสี ทักแชท,฿770.00
136,ขายกล้องฟิล์ม Minolta a7700i Body Only Serial 19114600,"฿1,900.00"
137,ขาย กล้องฟิล์ม Pentax MZ-5 Serial 7219135,฿500.00
138,กล้องฟิล์ม Topicoสีเหลือง (Panorama),฿590.00
139,ขาย กล้องฟิล์ม Ricoh XR7  Serial 62250008,฿700.00
140,Kodak Agfa Fuji กล้องฟิล์ม เปลี่ยนฟิล์มได้ M35 M38 F9 / กล้องใช้แล้วทิ้ง Film Camera กล้อง ฟิล์ม โกดัก ฟูจิ 135 35 mm...,฿640.00
141,ขายกล้องฟิล์ม Canon EF (Serial 283929) สภาพสวย สมญานาม The Black Beauty,"฿3,500.00"
142,ขายกล้องฟิล์ม Minolta a5000 Serial 15114178,฿500.00
143,ขาย กล้องฟิล์ม Minolta A7000 Serial 12010050,฿500.00
144,ฟิล์มสี 135mm Film kodak colorplus,฿536.00
145,ขายกล้องฟิล์ม Minolta a7000  Serial 35101394 พร้อมเลนส์ Minolta 100-300mm,"฿4,300.00"
146,Agfa LeBox Flash 27 Exp. ISO 400 | disposable camera with flash! | Disposable Camera Agfa LeBox Flash,฿890.00
147,กล้องโพลารอยด์ กล้องฟิล์ม กล้องถ่ายรูปเด็ก กล้องเด็ก กล้องพกพา กล้องมินิ กล้องจิ๋ว กล้องวีดิโอ B.DUCK Little Yellow Duck,"฿1,666.00"
148,ขายกล้องฟิล์ม Minolta A7000 Serial  17035608,฿500.00
149,กล้อง กล้องฟิล์ม กล้องฟูจิ fujifilm กล้องจิ๋ว กล้องฟูจิ กล้องfuji Simple ACE Camera ISO 400 กล้องฟิล์มใช้แล้วทิ้ง เน้นถ่ายกลางแจ้ง + มีแฟลชในตัวถ่ายได้ 27 รูป ในญี่ปุ่นฮิตมาก สินค้านำเข้าจากญี่ปุ่น ของแท้ 100% goodday8,฿952.00
150,ขายกล้องสำหรับตั้งโชว์ Pentax MZ-10 Serial 7798415,฿600.00
151,ขายกล้องฟิล์ม Minolta a7xi Body Only Serial 21125679,"฿1,500.00"
152,ขายกล้องฟิล์ม Minolta a3700i serial 13102411,฿500.00
153,Printoss พิมพ์ภาพถ่ายโพลารอยด์จากมือถือ ไม่ต้องใช้แบตเตอรี่ สั่งพิมพ์แล้วได้ทันที,฿990.00
154,ขาย กล้องฟิล์ม Minolta A303si Serial 00338085,฿500.00
155,ขาย กล้องฟิล์ม Minolta A7000 Serial 13226842,฿500.00
156,ขายกล้องฟิล์ม Minolta A5700i Serial  22128209,฿500.00
157,ขายกล้องฟิล์ม Minolta A5700i Serial  20138155,฿500.00
158,ขายกล้องฟิล์ม Minolta a7000 serial 11115546 สำหรับตั้งโชว์,฿550.00
159,ส่งฟรี ทุกท้องที่ Lotใหม่ Exp.03/2023 กล้องฟิล์ม ใช้แล้วทิ้ง Fuji film Simple Ace ISO400 -ถ่ายได้ 27 รูป ️,"฿1,758.00"
160,ขายกล้องฟิล์ม Minolta a7000 Serial 16180502 พร้อมเลนส์ Tamron 28-200mm,"฿3,800.00"
161,ขายกล้องฟิล์ม Minolta SR-1 (Serial 1299539),"฿1,700.00"
162,Valeriee Durable Transparent Instant Camera Case Cover for Checky Instax Mini 8/8+/9,฿86.00
163,ขายกล้องฟิล์ม Minolta a7000  Serial 15173472 พร้อมเลนส์ Tokina 75-300mm,"฿5,000.00"
164,ขายกล้องฟิล์ม Minolta a303si serial 01613398 Body Only กล้องฟิล์มถูกๆ สำหรับคนอยากเริ่มถ่ายฟิล์ม,"฿1,900.00"
165,ส่งฟรี ทุกท้องที่ Lowepro Nova 140AW,"฿1,438.00"
166,ขายกล้องฟิล์ม Nikon Nikomat FT สภาพสวย (Serial 3547874),"฿3,200.00"
167,Fujifilm® Instax Mini 11 Instant Camera ฟูจิฟิล์ม กล้องฟิล์ม กล้องฟูจิ กล้องโพลาลอยด์ ฟิล์มอินสแตนท์,"฿3,495.00"
168,ขายกล้องฟิล์ม Minolta Sweet a Body Only Serial 01908087,฿500.00
169,ขายกล้องฟิล์ม Miranda G พร้อมเคสหนังสภาพสวย,"฿2,500.00"
170,ขายกล้องฟิล์ม Nikon F401 Body Only กล้องฟิล์มถูกๆ สำหรับคนอยากเริ่มถ่ายฟิล์ม,"฿2,200.00"
171,กล้องจิ๋ว กล้องสอดแนม กล้องดูผ่านไวไฟ กล้องบันทึกวน กล้องดูผ่านมือถือ Mini CMOS IP CCTV WiFi Camera HD P2P Wireless Camera Security Recording Android iOS,"฿1,300.00"
172,Kodak กล้องฟิล์ม Vintage Retro M35 35mm Reusable Film Camera (ประกันศูนย์),฿699.00
173,Fujifilm® Instax Mini 40 Instant Camera ฟูจิฟิล์ม กล้องฟิล์ม กล้องฟูจิ กล้องโพลาลอยด์ ฟิล์มอินสแตนท์,"฿5,685.00"
174,ขายกล้องฟิล์ม Revue SC3 Pentax K Mount (Serial 121549),"฿3,000.00"
175,กล้องฟิล์ม RangeFinder หายาก Minolta Uniomat พร้อมเลนส์ 45 mm F2.8,"฿3,300.00"
176,ขายกล้องฟิล์ม Minolta XD-5,"฿2,400.00"
177,ขายกล้องฟิล์ม Pentax MZ-30 Serial 4952380,฿500.00
178,ขายกล้องฟิล์ม Cosina CT1EX (Pentax K),"฿3,000.00"
179,ขายกล้องฟิล์ม Minolta A70000 Serial 54104290,฿500.00
180,ขายกล้องฟิล์ม Minolta a101si Serial 38806172 Body Only กล้องฟิล์มถูกๆ สำหรับคนอยากเริ่มถ่ายฟิล์ม,฿900.00
181,ส่งฟรี ทุกท้องที่ Minolta Capios Black,"฿4,157.00"
182,ขายกล้องฟิล์ม Pentax MZ-10 Serial 8745329 Body Only,฿500.00
183,ขายกล้องฟิล์ม Minolta SR 1,"฿1,650.00"
184,ขายกล้องฟิล์ม Canon EOS Kiss  Serial  1442471 พร้อมเลนส์ Tamron 100-300mm,"฿5,400.00"
185,ขายกล้องฟิล์ม Canon EOS Kiss  Serial  1442471 Body Only กล้องฟิล์มถูกๆ สำหรับคนอยากเริ่มถ่ายฟิล์ม,"฿2,800.00"
186,ขายกล้องฟิล์ม Minolta a3700i Serial 20330178 Body Only กล้องฟิล์มถูกๆ สำหรับคนอยากเริ่มถ่ายฟิล์ม,"฿1,000.00"
187,ขายกล้องฟิล์ม Minolta a303si super serial 99521294 Body Only กล้องฟิล์มถูกๆ สำหรับคนอยากเริ่มถ่ายฟิล์ม,"฿2,100.00"
188,ขายกล้องฟิล์ม Praktica Super TL (M42),"฿2,300.00"
189,ขายกล้องฟิล์ม Minolta A303si Serial  97750408 Body Only กล้องฟิล์มถูกๆ สำหรับคนอยากเริ่มถ่ายฟิล์ม,"฿2,000.00"
190,ขายกล้องฟิล์ม Minolta a5xi serial 21202993 Body Only กล้องฟิล์มถูกๆ สำหรับคนอยากเริ่มถ่ายฟิล์ม,"฿2,500.00"
191,ขายกล้องฟิล์ม Minolta A7000 Serial  15233879 พร้อมเลนส์ Sigma 28-80mm Macro,"฿5,300.00"
192,ขายเลนส์มือหมุน งบประหยัด Tamron 28-105mm F4.0-5.6 Macro Serial 121179 For Sony DSLR ทุกรุ่น,"฿2,700.00"
193,ขายกล้องฟิล์ม Minolta A7000 Serial  22155475 Body Only กล้องฟิล์มถูกๆ สำหรับคนอยากเริ่มถ่ายฟิล์ม,"฿2,900.00"
194,ขายกล้องฟิล์ม Minolta a303i  00736104 พร้อมเลนส์ 35-105mm beercan,"฿4,300.00"
195,ขาย กล้องฟิล์ม Pentax MZ-10 Serial 9812076,฿500.00
196,ขายกล้องฟิล์ม Minolta a303i  00736104 Body Only กล้องฟิล์มถูกๆ สำหรับคนอยากเริ่มถ่ายฟิล์ม,"฿1,500.00"
197,Fujifilm Instax SQUARE SQ1,"฿3,290.00"
198,ขายกล้องฟิล์ม Minolta a303si Serial 00427730 Body Only กล้องฟิล์มถูกๆ สำหรับคนอยากเริ่มถ่ายฟิล์ม,"฿2,100.00"
199,ขายกล้องฟิล์ม Minolta 3xi Serial 56204177 Body Only กล้องฟิล์มถูกๆ สำหรับคนอยากเริ่มถ่ายฟิล์ม,"฿1,800.00"
200,กล้องฟิล์ม 35มม. กล้องทอย TRL DIY - LOMO DIY Dual Lens Reflex Camera Retro Classic,฿358.00
201,กล้องโพลาลอยด์ Instax mini9 กล้องอินสแตนท์ประกันศูนย์ฟูจิฟิล์มไทยแลน์ 1 ปี ( ถ่ายปุ๊ป รูปออกมาปั๊ป )(instant camera กล้องฟิล์ม),"฿1,590.00"
202,กล้องโพลาลอยด์ Instax mini9 แถมฟรีฟิล์มโพลารอยด์ 10 รูป กล้องอินสแตนท์ประกันศูนย์ฟูจิฟิล์มไทยแลน์ 1 ปี  ( ภ่ายปุ๊ป ปริ้นรูปครับ ) instax,"฿1,990.00"
203,FUJIFILM INSTAX MINI 40 Instant Film Camera *แถมฟรีFilm 1Pack+ กรอบรูป+อัลบั้มใส่รูป120รูป* รับประกันศูนย์1ปี,"฿3,390.00"
204,Fuji Instax Mini9 ประกันศูนย์,"฿1,750.00"
205,【เมนูภาษาไทย】กล้องดิจิตอลซูมดิจิตอล Full HD 4K 16x กล้อง HD กล้องดิจิตอลซูมระดับมืออาชี กล้องถ่ายรูปกับวิดีโอบล็อกที่ความ,"฿2,788.00"
206,【เมนูภาษาไทย】กล้องดิจิตอล48MP ให้การ์ดหน่วยความจำ 32GB หน้าจอ 3.0 นิ้ว ความคมชัด 18 ล้านพิกเซล ความละเอียด 4K มีระบบกันสั่น,"฿2,788.00"
207,กล้องโพลาลอยด์ Instax mini9 แถมฟรีฟิล์มโพลารอยด์ 10 รูป กล้องอินสแตนท์ประกันศูนย์ฟูจิฟิล์มไทยแลน์ 1 ปี (ร้านเดียวกับ Ohmshop_p) instax,"฿1,890.00"
208,【แถมอุปกรณ์ครบชุด】กล้องดิจิตอล Lecran FHD 1080P กล้องบล็อก 36 ล้านพิกเซลพร้อมจอ LCD ดิจิตอลซูม 16 เท่า,"฿1,988.00"
209,กล้อง Fuji instax mini11 แถมฟิล์ม,"฿2,500.00"
210,กล้อง Fuji Instax mini40 ประกันศูนย์,"฿3,290.00"
211,กล้อง Fuji instax SQ1 ประกันศูนย์1ปี,"฿3,390.00"
212,ขายกล้องฟิล์ม Pentax SFX Serial 4125066 พร้อมเลนส์ Sigma 28-80mm,"฿6,200.00"
213,ขายกล้องฟิล์ม Canon EOS Kiss Panarama Serial  6902896 พร้อมเลนส์ Tamron 28-200mm,"฿5,550.00"
214,ขายกล้องฟิล์ม Minolta a303si super  97719117 Body Only กล้องฟิล์มถูกๆ สำหรับคนอยากเริ่มถ่ายฟิล์ม,"฿1,900.00"
215,ขายกล้องฟิล์ม Minolta a7700i serial 15108745 Body Only กล้องฟิล์มถูกๆ สำหรับคนอยากเริ่มถ่ายฟิล์ม,"฿2,200.00"
216,ขายกล้องฟิล์ม Minolta a3xi serial 21102235 Body Only กล้องฟิล์มถูกๆ สำหรับคนอยากเริ่มถ่ายฟิล์ม,"฿1,400.00"
217,ขายกล้องฟิล์ม Minolta a3000i Serial 18308367 Body Only กล้องฟิล์มถูกๆ สำหรับคนอยากเริ่มถ่ายฟิล์ม,"฿2,900.00"
218,ขายกล้องฟิล์ม Canon EOS 650 serial 1289016 Body Only กล้องฟิล์มถูกๆ สำหรับคนอยากเริ่มถ่ายฟิล์ม,"฿2,300.00"
219,ขายกล้องฟิล์ม Minolta a303si Serial 00323339 Body Only กล้องฟิล์มถูกๆ สำหรับคนอยากเริ่มถ่ายฟิล์ม,"฿2,400.00"
220,ขายกล้องฟิล์ม Minolta a7000 Serial 16180502 Body Only กล้องฟิล์มถูกๆ สำหรับคนอยากเริ่มถ่ายฟิล์ม,"฿2,000.00"
221,ขายกล้องฟิล์ม Minolta a5xi Serial 21208296 Body Only กล้องฟิล์มถูกๆ สำหรับคนอยากเริ่มถ่ายฟิล์ม,"฿2,800.00"
222,ขายกล้องฟิล์ม Pentax SF-7 Serial  5143966 Body Only กล้องฟิล์มถูกๆ สำหรับคนอยากเริ่มถ่ายฟิล์ม,"฿2,400.00"
223,ขายกล้องฟิล์ม Pentax SF-7 Serial  4893568 Body Only กล้องฟิล์มถูกๆ สำหรับคนอยากเริ่มถ่ายฟิล์ม,"฿2,900.00"
224,ขายกล้องฟิล์ม Minolta A807si Serial  56705155 Body Only กล้องฟิล์มถูกๆ สำหรับคนอยากเริ่มถ่ายฟิล์ม,"฿2,400.00"
225,ขายกล้องฟิล์ม Minolta A3700i Serial  58001775 Body Only กล้องฟิล์มถูกๆ สำหรับคนอยากเริ่มถ่ายฟิล์ม,"฿1,800.00"
226,ขายกล้องฟิล์ม Minolta A3700i Serial  12108650 Body Only กล้องฟิล์มถูกๆ สำหรับคนอยากเริ่มถ่ายฟิล์ม,"฿2,400.00"
227,ขายกล้องฟิล์ม Minolta A7000 Serial  13221670 Body Only กล้องฟิล์มถูกๆ สำหรับคนอยากเริ่มถ่ายฟิล์ม,"฿2,100.00"
228,ขายกล้องฟิล์ม Minolta A7000 Serial  15233879 Body Only กล้องฟิล์มถูกๆ สำหรับคนอยากเริ่มถ่ายฟิล์ม,"฿2,400.00"
229,ขายกล้องฟิล์ม Minolta a303si super serial 95602006 Body Only กล้องฟิล์มถูกๆ สำหรับคนอยากเริ่มถ่ายฟิล์ม,"฿2,400.00"
230,ขายกล้องฟิล์ม Minolta a360si serial 99107101 Body Only กล้องฟิล์มถูกๆ สำหรับคนอยากเริ่มถ่ายฟิล์ม,"฿1,800.00"
231,ขายกล้องฟิล์ม Minolta a3700i serial 14108555 Body Only กล้องฟิล์มถูกๆ สำหรับคนอยากเริ่มถ่ายฟิล์ม,"฿1,800.00"
232,ขายกล้องฟิล์ม Minolta a303si serial 02809246 Body Only กล้องฟิล์มถูกๆ สำหรับคนอยากเริ่มถ่ายฟิล์ม,"฿1,600.00"
233,ขายกล้อง Zenit ET สีเงิน สภาพดี,"฿2,000.00"
234,ขายกล้องฟิล์ม Minolta 5xi serial 51401308 Body Only,"฿1,600.00"
235,ขายกล้องฟิล์ม Minolta a3xi serial 55205086 พร้อมเลนส์ minolta 75-300mm,"฿5,000.00"
236,ขายกล้องฟิล์ม Minolta a303si Serial 00323339 พร้อมเลนส์ Tamron 70-300mm,"฿4,300.00"
237,ขายกล้องฟิล์ม Minolta a303si Serial 00427730 พร้อมเลนส์ Tamron 28-200mm,"฿5,000.00"
238,ขายกล้องฟิล์ม Pentax SF-7 Serial  5143966 พร้อมเลนส์ Sigma 100-200mm F4.5,"฿4,300.00"
239,ขายกล้องฟิล์ม Minolta a303si super  97719117 พร้อมเลนส์ Sigma 75-200mm F3.8,"฿4,100.00"
240,ขายกล้องฟิล์ม Minolta a303si super serial 99521294 พร้อมเลนส์ Sigma 28-80mm Macro,"฿5,050.00"
241,"4.3 ""TFT LCD จอแสดงผลจอภาพ HD กล้องมองหลัง",฿480.00
242,ขายกล้องฟิล์ม Minolta a360si Serial 94108191 พร้อมเลนส์ Sigma 28-80mm Macro,"฿5,100.00"
243,ขายกล้องฟิล์ม Minolta a5xi Serial 21208296 พร้อมเลนส์ Minolta 75-300mm,"฿6,000.00"
244,ขายกล้องฟิล์ม Minolta Sweet a Serial  91910844 พร้อมเลนส์ minolta 75-300mm,"฿5,400.00"
245,ขายกล้องฟิล์ม Pentax Z-1 serial 6267511,฿500.00
246,ขายกล้องฟิล์ม Minolta A807si Serial  56705155 พร้อมเลนส์ Tamron 70-300mm,"฿5,400.00"
247,ขายกล้องฟิล์ม Minolta A303si Serial  97750408 พร้อมเลนส์ Minolta 100-300mm,"฿5,300.00"
248,ขายกล้องฟิล์ม Minolta A3700i Serial  12108650 พร้อมเลนส์ Minolta 100-300mm,"฿5,300.00"
249,ขายกล้องฟิล์ม Minolta A7000 Serial  13221670 พร้อมเลนส์ 80-200mm,"฿4,800.00"
250,ขายกล้องฟิล์ม Minolta a5700i  15305725 พร้อมเลนส์ 28-105mm,"฿4,300.00"
251,ขายกล้องฟิล์ม Pentax Spotmatic สุดยอดแห่งความ Classic ทนทาน ใช้ง่าย ถ่ายรูปสวย Body Only Serial 2771723,"฿3,500.00"
252,ขายกล้องฟิล์ม Minolta a303si serial 12113664  พร้อมเลนส์ Sigma 28-80mm,"฿4,900.00"
253,ขายกล้องฟิล์ม Minolta a303si serial 01613398 พร้อมเลนส์ sigma 28-80mm macro,"฿5,100.00"
254,ขายกล้องฟิล์ม Minolta a3xi serial 21102235 พร้อมเลนส์ Minolta 80-200mm,"฿4,100.00"
255,ขายกล้องฟิล์ม Pentax SFX Serial 4125066 Body Only กล้องฟิล์มถูกๆ สำหรับคนอยากเริ่มถ่ายฟิล์ม,"฿3,500.00"
256,ขายกล้องฟิล์ม Minolta a303si super serial 95602006 พร้อมเลนส์ Sigma 70-300mm,"฿3,800.00"
257,ขายกล้องฟิล์ม Minolta a303si serial 96801583 พร้อมเลนส์ Tamron 70-210mm,"฿4,000.00"
258,ขายกล้องฟิล์ม Minolta a360si serial 99107101 พร้อมเลนส์ Tamron 70-300mm,"฿3,900.00"
259,กล้องฟิล์ม คิดคิด เพื่อนเคี้ยว,฿850.00
260,กล้องฟิล์ม Chinon GAF MEMO 35EE Camera (กล้องมือสอง),"฿1,690.00"
261,ขายกล้องฟิล์ม Minolta a3xi  Serial 22130954 พร้อมเลนส์ Tokina 100-300mm,"฿4,500.00"
262,กล้องฟิล์ม DHL ระบบ Auto,"฿1,400.00"
263,กล้องฟิล์ม Round 1 สีฟ้า-ทูโทน,"฿1,600.00"
264,ขายกล้องฟิล์ม Minolta 3xi Body Only Serial 21158794,"฿1,800.00"
265,Fuji Instax Mini 8 Harajuku Combo Kit โพลารอยด์ mini8 กับคอมโบสุดพิเศษ ของแถมมูลค่ากว่า 5430 บาท,"฿4,390.00"
266,ขายกล้องฟิล์ม Pentax Spotmatic SP สุดยอดแห่งความ Classic ทนทาน ใช้ง่าย ถ่ายรูปสวย Body Only Serial 3918873,"฿3,000.00"
267,กล้องWebcame รุ่น H800 คุณภาพFull HD  คมชัด1080P  20ล้านพิกเซล มีไมค์ในตัว,฿790.00
268,ขายกล้องฟิล์ม Pentax Spotmatic F สุดยอดแห่งความ Classic ทนทาน ใช้ง่าย ถ่ายรูปสวย Body Only Serial 4636577,"฿3,000.00"
269,Polaroid supercolor 635 (10-11) กล้องโพลาลอยด์,"฿1,780.00"
270,ส่งฟรี ทุกท้องที่ กล้องฟิล์ม ที่ดึงฟิล์ม ที่ดึงหางฟิล์ม จากม้วนฟิล์ม Film Picker Easy 35​ พิเศษ แถมฟรี​ สติกเกอร์ 1 แผ่น เลือกลายได้เลยค่า,"฿1,083.00"
271,Kodak Ultra F9 35mm Film Camera - M35 M38 Upgraded Version 135 Refillable Film Camera Point and shoot with Flash Reusable Film Camera Non Disposable,"฿1,358.00"
272,ขายกล้องฟิล์ม Nikon FG Body Only Serial 8221964,"฿2,900.00"
273,ขายกล้องฟิล์ม Minolta a7000 Body Only Serial 15173472,"฿1,500.00"
274,ขายกล้องฟิล์ม Minolta a5700i Serial 14305517,฿500.00
275,ขายกล้องฟิล์ม Minolta A7000 Serial  22155475 พร้อมเลนส์ minolta 75-300mm,"฿6,800.00"
276,ขายกล้องฟิล์ม Minolta a7700i Body Only Serial 15303763,"฿1,800.00"
277,พร้อมส่ง !! Peripage X Paperang เครื่องปริ้นพกพา ไม่ใช้หมึก ปริ้น FLASH KERRY ได้,฿799.00
278,กล้องแอบถ่าย กล้องจิ๋วกระทัดรัด กล้องกันน้ำ กล้องติดหมวกกันน๊อค SQ11 Camera กล้องจิ๋ว กล้องบันทึก140°Car กล้องมินิ Mini Hidden Spy Camera กล้องติดหมวกกันน็อค Full HD Cam Video กล้องแอบถ่าย Recorder กล้องติดรถยนต์ มีอินฟราเรด คมชัด FPV with IR Night Vision,฿137.00
279,ขายกล้องฟิล์ม Minolta a303si Body Only Serial 97751531,"฿1,800.00"
280,ขายกล้องฟิล์ม Minolta a7700i พร้อมแพลตล่างแท้ Body Only กล้องฟิล์มถูกๆ สำหรับคนอยากเริ่มถ่ายฟิล์ม,"฿1,900.00"
281,ขายกล้องฟิล์ม Minolta a303si Serial 94602693 Body Only กล้องฟิล์มถูกๆ สำหรับคนอยากเริ่มถ่ายฟิล์ม,"฿1,400.00"
282,ขายกล้องฟิล์ม Minolta a303si Serial 94602693 พร้อมเลนส์ Sigma 75-300mm,"฿2,700.00"
283,ขายกล้องฟิล์ม Minolta a7xi Serial 18119797 Body Only กล้องฟิล์มถูกๆ สำหรับคนอยากเริ่มถ่ายฟิล์ม,฿950.00
284,✮Fujifilm instax mini Polaroid ฟิล์มโพราลอยด์ ขอบขาว  รายละเอียด ( แบบ 10 แผ่นจะไม่มีกล่องเพราะแกะแบ่งขาย ) ❤,฿408.00
285,ขายกล้องฟิล์ม Pentax MZ-60  Body Only Serial 5476293,"฿2,500.00"
286,ขายกล้องฟิล์ม Minolta 3xi  Serial 21158794 พร้อมเลนส์ Tokina 100-300mm,"฿4,200.00"
287,ขายกล้องฟิล์ม Minolta a7000 Body Only Serial 35101394,"฿1,800.00"
288,ขายกล้องฟิล์ม Minolta a303si Body Only Serial 91901275,"฿2,200.00"
289,ขายกล้องฟิล์ม Minolta a303si  Body Only Serial 93712436 กล้องฟิล์มถูกๆ สำหรับคนอยากเริ่มถ่ายฟิล์ม,"฿1,800.00"
290,ขายกล้องฟิล์ม Minolta a7700i พร้อมแพลตล่างแท้ Body Only กล้องฟิล์มถูกๆ สำหรับคนอยากเริ่มถ่ายฟิล์ม,"฿2,500.00"
291,ขายกล้องฟิล์ม Minolta a7700i พร้อมแพลตล่างแท้ พร้อมเลนส์ 100-300mm,"฿4,400.00"
292,ขายกล้องฟิล์ม Minolta a3xi Serial 13205510 Body Only กล้องฟิล์มถูกๆ สำหรับคนอยากเริ่มถ่ายฟิล์ม,"฿1,400.00"
293,✣กล้องฟิล์มลดราคาพิเศษ  ตัวละ 1299บาท ใช้งานได้เต็มระบบ♢,"฿1,847.00"
294,ขายกล้องฟิล์ม Minolta a303si  Serial 91901275 พร้อมเลนส์ Sigma 28-80mm Macro,"฿5,300.00"
295,ขายกล้องฟิล์ม Minolta a303si พร้อมเลนส์ Sigma28-80mm Serial 97751531,"฿4,300.00"
296,ขายกล้องฟิล์ม Minolta a303si Serial 93712436 พร้อมเลนส์ Sigma 28-80mm Macro,"฿4,200.00"
297,ขายกล้องฟิล์ม Minolta a3xi Serial 13205510 พร้อมเลนส์ Tokina 28-210mm,"฿4,400.00"
298,ขายกล้องฟิล์ม Pentax Spotmatic สุดยอดแห่งความ Classic ทนทาน ใช้ง่าย ถ่ายรูปสวย Body Only Serial 1405198,"฿3,900.00"
299,ส่งฟรี ทุกท้องที่ กล้องฟิล์ม NEW กล้องถ่ายรูปเด็กตัวใหม่ ถ่ายได้จริง! กล้องดิจิตอล ขนาดเล็ก ของเล่น สำหรับเด็ก จากไทย และ,"฿1,630.00"
300,ขายกล้องฟิล์ม Minolta a7000 Serial 16027187,฿500.00
301,ขายกล้องฟิล์ม Minolta a360si Serial 912021109 พร้อมเลนส์ Sigma 28-80mm Macro,"฿3,600.00"
302,ส่งฟรี ทุกท้องที่ [135color] Agfa Lebox Ocean 400 135-27 Waterproof Disposable Camera กล้องใช้แล้วทิ้ง กันน้ำ อักฟ่า,฿883.00
303,ขายกล้องฟิล์ม Minolta a7700i พร้อมแพลตล่างแท้ พร้อมเลนส์ 75-200mm F4.5,"฿3,400.00"
304,12 million pixels Children Camera Instant Print Camera For Kids 1080P Digital Camera With Thermal Photo Papers Child Toy Camera For Christmas Birthday Gifts,"฿1,480.00"
305,✧กล้องฟิล์ม มือ1 c-505 ไม่ใช่กล้องใช้แล้วทิ้ง✺,฿969.00
306,◎กล้องถ่ายรูปดีไซน์สำหรับเด็กแบบน่ารัก New✴,฿193.00
307,ขายกล้องฟิล์ม Minolta A303si Serial  96718769,฿500.00
308,ส่งฟรี ทุกท้องที่ Ko dak Fuji กล้องฟิล์ม กล้องใช้แล้วทิ้ง PowerFlash Daylight FunSaver Simple Ace Waterproof Sport กล้อง โกดัก ฟูจิ ฟิล์...,฿642.00
309,ฟิล์ม Fuji C200 24 / 36 รูป 135 35mm Fujifilm ISO 200 ฟูจิ ฟิล์มสี กล้องฟิล์ม ฟิล์มกล้อง,฿618.00
310,ส่งฟรี ทุกท้องที่ กล้องฟิล์ม ฟรีถ่าน ของแท้ Vibe Photo 501F สีเงินแชมเปญ ใส่ฟิล์มอีกได้ ใช้ฟิล์ม 135 (ไม่ได้แถมฟิล์ม),฿938.00
311,ขายกล้องฟิล์ม Minolta a8700i Serial 19215722 Body Only กล้องฟิล์มถูกๆ สำหรับคนอยากเริ่มถ่ายฟิล์ม,฿900.00
312,ขายกล้องฟิล์ม Pentax Spotmatic สุดยอดแห่งความ Classic ทนทาน ใช้ง่าย ถ่ายรูปสวย พร้อมเลนส์ Takumar 200mm F4,"฿8,300.00"
313,Tomy Printoss เครื่องพิมพ์ภาพถ่ายโพลารอยด์จากมือถือ ไม่ต้องใช้แบตเตอรี่ สั่งพิมพ์แล้วได้ทันที,฿949.00
314,กล้อง  Instant Pixtoss,"฿2,190.00"
315,ส่งฟรี ทุกท้องที่ กล้องฟิล์ม Ninoco NF-1 กล้อง35mm เปลี่ยนฟิล์มได้,"฿3,194.00"
316,กล้องฟิล์มทอยผู้พัน  KFC,฿990.00
317,ส่งฟรี ทุกท้องที่ Fuji film instax mini 11 เซ็ตกล้องและฟิล์มโพลารอยด์,"฿5,027.00"
318,**สินค้าพร้อมส่ง** ฟิล์ม FUJIFILM INSTAX MINI 1กล่อง 10 sheet,฿382.50
319,♔Kodak Agfa Fuji กล้องฟิล์ม เปลี่ยนฟิล์มได้ M35 M38 F9  กล้องใช้แล้วทิ้ง Film Camera กล้อง ฟิล์ม โกดัก 135 35 mm ประก...✮,฿601.00
320,ส่งฟรี ทุกท้องที่ Rollei Infrared 135 36 Exposures Black and White Infrared Film ISO 400 MVP CAMERA 0hhH,"฿3,308.00"
321,Fujifilm® Instax Mini 11 Instant Camera Bundle ฟูจิฟิล์ม กล้องฟิล์ม กล้องฟูจิ กล้องโพลาลอยด์ + ฟิล์มอินสแตนท์,"฿4,175.00"
322,Lomography (LI800GKN) Lomo Instant Automat Gong Kan Edition,"฿5,390.00"
323,Fujifilm Instax wide film (10X2 = 20 sheets) Fujifilm Instax Fujifilm Instax wid.,"฿1,190.00"
324,MYFIRST® Camera Insta Wi กล้องถ่ายรูป ปริ้นเตอร์ไร้สาย ในตัวเดียว สำหรับเด็ก All-in-one ปริ้นรูปและฉลากจากกล้อง โพลารอยด์ Kids Instant Digital Camera & Portable Printer,"฿3,949.00"
325,Kodak M35 M38 Reusable Film Camera - 35mm Roll Film Camera Point-and-shoot with Flash Reusable Film Camera,฿679.00
326,ขายกล้องฟิล์ม Minolta a3xi Body Only Serial 22130954,"฿1,900.00"
327,FUJIFILM INSTAX MINI 40 Instant Film Camera รับประกันศูนย์1ปี,"฿3,590.00"
328,Fujifilm Instax Square SQ10 Hybrid Instant Camera ประกันศูนย์ไทย,"฿5,900.00"
329,ขายกล้องฟิล์ม Canon EOS 650 serial 2055602 Body Only กล้องฟิล์มถูกๆ สำหรับคนอยากเริ่มถ่ายฟิล์ม,"฿2,900.00"
330,ส่งฟรี ทุกท้องที่ KONICA AUTO S2 EL กล้องฟิล์มโคนิก้า พร้อมเลนส์ความคมชัดสูงระดับ HEXANON 45MM.F1.8 (8 SN-404329),"฿4,953.00"
331,♫(ส่งฟรี)Instax Fuji ฟิล์ม โพลารอยด์ Polaroid Instax Mini Film Fuji ฟิล์มฟูจิ แพค 10 ใบ แพคคู่ 20 ใบ โพลาลอยหมดอายุ 2021◈,฿489.00
332,ส่งฟรี ทุกท้องที่ Fuji film Simple ACE Camera ISO 400 กล้องถ่ายแล้วทิ้ง ถ่ายได้ 27 รูป,"฿3,503.00"
333,กล้องฟิล์ม HARMAN Camera 35mm Reusable Film Camera (มีฟิล์มขาวดำแถมให้ 2 ม้วน),"฿1,150.00"
334,ขายกล้องฟิล์ม Minolta Sweet a Serial  91910844 Body Only กล้องฟิล์มถูกๆ สำหรับคนอยากเริ่มถ่ายฟิล์ม,"฿2,000.00"
335,กล้องฟิล์ม AgfaPhoto Reusable Photo Camera 35mm เปลี่ยนฟิล์มได้ ใช้ซ้ำได้ สไตล์คลาสสิค,"฿1,390.00"
336,ฟิล์มขาวดำ Ilford ครบๆ ทุกรุ่น 35mm Film Made in England ฟิล์มถ่ายรูป สำหรับ กล้องฟิล์ม 35มม. bkkfilm HP5 XP2 FP4 Delta,฿370.00
337,ส่งฟรี ทุกท้องที่ กล้องฟิล์ม เสีย บางตัวยังถ่ายได้ สำหรับเป็นพร็อบ ตกแต่งห้อง ทำอะไหล่,฿611.00
338,ขายกล้องฟิล์ม Minolta A5700i Serial 19122555 ไม่รวมเลนส์,฿500.00
339,❧พร้อมส่ง800W พิกเซล กล้องถ่ายรูปเด็กตัวใหม่ ถ่ายได้จริง กล้องถ่ายรูปเด็ก กล้อง digital สำหรับเด็ก กันแตก กันกระแทก♭,฿313.00
340,"Fujifilm Instax Square 3 pack box (60), SP3 SQ6 SQ10 Fujifilm Instax Square Fujifilm Instax Square sq3.","฿2,090.00"
341,ฟิล์มขาวดำ Ilford ครบๆ ทุกรุ่น 35mm Film Made in England ฟิล์มถ่ายรูป สำหรับ กล้องฟิล์ม 35มม. bkkfilm HP5 XP2 FP4 Delta,฿370.00
342,✻พร้อมส่งNEW กล้องถ่ายรูปเด็กตัวใหม่ ถ่ายได้จริง กล้องดิจิตอล ขนาดเล็ก  ของเล่น สำหรับเด็ก พร้อมส่งจากไทย และ มีปลายทาง♦,฿401.00
343,กล้องโพลารอยด์ FujiFilm instant Camera mini 11  ประกัน 1 ปี (ส่งจากไทย) by get.along.ll,"฿2,990.00"
344,ขายกล้องฟิล์ม Minolta a360si Serial 912021109 Body Only กล้องฟิล์มถูกๆ สำหรับคนอยากเริ่มถ่ายฟิล์ม,"฿1,300.00"
345,ส่งฟรี ทุกท้องที่ กล้องฟิล์มใช้แล้วทิ้ง AGFA LeBox Outdoor/Flash/Wedding ISO400 (27ภาพ),฿929.00
346,"❈เคสใสมินิ 8,9 ก็ได้นะจ้ะ พร้อมส่ง เคสกล้องโพลารอยด์✧",฿465.00
347,ขายกล้องฟิล์ม Minolta a360si Serial 2550394 Body Only,฿500.00
348,กล้องฟิล์ม Kodak Film M35 📷 กล้อง 🔥 HOT ยอด HIT 🔥 พร้อมจัดส่ง ‼,฿999.00
349,✧Fujifilm Instax Mini Film - Instant Film ฟิล์มขอบขาว 10 แผ่น - ของแท้ FUJI TH♜,฿476.00
350,ส่งฟรี ทุกท้องที่ fujicolor iso100 film 36,"฿1,042.00"
351,☼เลนส์โคลสอัพและเซลฟี่ลายคิตตี้ กล้อง Fuji Instax mini8mini9☉,฿224.00
352,ฟิล์มขาวดำ ILFORD กล้องฟิล์ม 35มม.,฿420.00
353,Fujifilm Instax mini 40 (ประกันศูนย์) แถม FUJIFILM Instax Mini Film 1 กล่อง,"฿3,590.00"
354,Fujifilm Instax Mini 9 Tsum Tsum Set,"฿3,590.00"
355,🔥Yo Beach🔥 Kodak M35 กล้องฟิล์มโกดัก กล้องฟิล์ม กล้องฟิมล์ แถม ถ่านAAA Camera 35mm,฿825.00
356,"[Children Instant Print Camera Front and Rear Camera 1080P HD Kids Camera Toys with Thermal Photo Paper Present For Girl Boy,Children Instant Print Camera Front and Rear Camera 1080P HD Kids Camera Toys with Thermal Photo Paper Present For Girl Boy,]","฿1,450.00"
357,Lomography (LI850SUNTUR) Lomo Instant Automat Suntur Edition Combo,"฿6,990.00"
358,กล้องฟิล์มอินสแตนท์ Instax Mini 40 - Black by dotlife,"฿3,590.00"
359,กล้อง KODAK Classic Camera and Printer 3x4 - Black by dotlife,"฿3,499.00"
360,♕ กล้องฟิล์ม Kodak M35  กล้อง โกดัก M35  พร้อมจัดส่ง ‼✣,฿513.00
361,กล้องเด็กใหม่สำหรับของเล่นเด็ก 2 นิ้วหน้าจอ HD 1080P วิดีโอเด็กสร้างสรรค์ของเล่นเพื่อการศึกษาเครื่องเล่น mp3,฿413.00
362,กล้อง Polaroid SX-70 (Referbished Vintage Camera),"฿17,500.00"
363,ส่งฟรี ทุกท้องที่ Fuji film Instax mini 8,"฿2,640.00"
364,"KODAK DAYLIGHT 39 film cameras, film cameras KODAK.",฿890.00
365,ส่งฟรี ทุกท้องที่ soft release shutter ปุ่มชัตเตอร์ สลักชื่อตัวเอง ทำจากทองเหลือง fuji leica กล้องฟิล์ม,฿957.00
366,ส่งฟรี ทุกท้องที่ PEAK DESIGN BOLT PACK PEAK DESIGN-สินค้า Clearance Sale สอบถามข้อมูลสินค้าก่อนสั่งซื้อ,฿605.00
367,ส่งฟรี ทุกท้องที่ กล้องฟิล์ม กล้อง lomo กล้องถ่ายใต้น้ำ,"฿1,127.00"
368,ส่งฟรี ทุกท้องที่ Kamera Anak Kamera Digital Selfie 2 Lensa Dual Kamera Kamera Selfie NDzf,"฿3,142.00"
369,ส่งฟรี ทุกท้องที่ Ko dak Agfa Fuji กล้องฟิล์ม เปลี่ยนฟิล์มได้ M35 M38 F9 / กล้องใช้แล้วทิ้ง Film Camera กล้อง ฟิล์ม โกดัก ฟูจิ 135 35 mm...,฿642.00
370,ส่งฟรี ทุกท้องที่ (คอE) สายคล้องกล้อง สายกล้อง สายคล้องคอ เชือกกลม กล้องคล้องด้านเดียว คล้องกล้องฟิล์ม ไม่บาดคอ,"฿1,012.00"
371,ส่งฟรี ทุกท้องที่ [film case] เคสใส่ฟิล์มถ่ายรูป 5 ม้วน ขนาด 120 JCH Film Case Film 5x120,฿883.00
372,กล้องโพลารอยด์ รุ่น มินิ 40 ฟิล์ม 10 แผ่น พร้อมใช้งาน instax mini 40 ประกัน 1 ปี (ส่งจากไทย) by get.along.ll,"฿3,790.00"
373,"ส่งฟรี ทุกท้องที่ Adapter for Nikkon F Mount Lens ปรับรูรับแสงได้ Nikkon-EOS, Nikkon-EOSM, Nikkon-EOSR, Nikkon-FX, Nikkon-M4/3, Nikkon-NEX",฿753.00
374,"ส่งฟรี ทุกท้องที่ ipcameraAdapter for Nikkon F Mount Lens ปรับรูรับแสงได้ Nikkon-EOS, Nikkon-EOSM, Nikkon-EOSR, Nikkon-FX, Nikkon-M4/3, Nikkon-NE","฿1,501.00"
375,ส่งฟรี ทุกท้องที่ กล้องฟิล์ม Ko dak M35 สีแดง การันตีของแท้ 100%,"฿1,253.00"
376,ส่งฟรี ทุกท้องที่ กล้องทอย YASHICA MF-1 Film Camera,"฿2,631.00"
377,ขายกล้องฟิล์ม Pentax MZ-60  Serial 5476293 พร้อมเลนส์ Tokina 100-300mm,"฿5,100.00"
378,ส่งฟรี ทุกท้องที่ AGFAPHOTO LEBOX SINGLE USE CAMERA กล้องฟิล์มใช้แล้วทิ้ง 27 รูป,฿974.00
379,Kids Instant Camera For Children Camera 2.4 Inch 1080P Digital Camera For Kids Instant Print Camera Birthday Gifts For Girl Boy Christmas gifts,"฿1,020.00"
380,ฟิล์มหนังสี Nolan/ nolan50D / nolan250D / nolan500T 36 ภาพ,฿420.00
381,ส่งฟรี ทุกท้องที่ Fuji Simple Ace ISO 400 × 27 shots,฿790.00
382,"Kodak M38, M35 Camera มี 8 สี กล้องถ่ายรูป เปลี่ยนฟิล์มได้ มีแฟลชในตัว","฿1,398.00"
383,ส่งฟรี ทุกท้องที่ [135color] Lomography Lomo 400 135-36 Color Negative Film ฟิล์มถ่ายรูป ฟิล์มถ่ายภาพ โลโม่,฿790.00
384,Instax Mini9 กล้องฟิล์มอินสแตนท์ ขนาดฟิล์มมินิ (ฟิล์มจำหน่ายแยก) แถมฟรี อัลบั้มใส่ภาพ และ Acrylic frame,"฿2,980.00"
385,กล้องถอยหลังรถยนตร์รุ่นHDมีอินฟราเรดตอนกลางคืน,฿299.00
386,ส่งฟรี ทุกท้องที่ แฟลช Meike Flash MK320 Auto - สำหรับกล้องมิลเลอร์เลส รับประกัน 1 ปี,"฿3,732.00"
387,ส่งฟรี ทุกท้องที่ (คอE) สายคล้องกล้อง สายกล้อง สายคล้องคอ เชือกกลม กล้องคล้องด้านเดียว คล้องกล้องฟิล์ม ไม่บาดคอ,"฿3,532.00"
388,ส่งฟรี ทุกท้องที่ สินค้าล่าสุด กล้องฟิล์ม Ko dak Camera M35,"฿3,995.00"
389,ขายกล้องฟิล์ม Minolta Sweet S serial 97201520 สำหรับตั้งโชว์,฿500.00
390,ส่งฟรี ทุกท้องที่ กล้องฟิล์ม H12R กล้องติดหมวก/กล้องดำน้ำ Action Camera 4K WiFi,"฿4,243.00"
391,"ส่งฟรี ทุกท้องที่ Ko dak M38, M35 แถมถ่าน Panasonic Alkaline AAA 2 ก้อน Camera กล้องถ่ายรูป เปลี่ยนฟิล์มได้ มีแฟลชในตัว","฿4,117.00"
392,ขายกล้องฟิล์ม Minolta 360si serial 00001039 Body Only ถูกๆสำหรับคนอยากเอาไปลอง,฿700.00
393,ส่งฟรี ทุกท้องที่ กล้องฟิล์ม AgfaPhoto Reusable Photo Camera 35mm Agfa กล้องฟิล์มเปลี่ยนฟิล์มได้ ใช้ซ้ำได้,"฿2,622.00"
394,ส่งฟรี ทุกท้องที่ กล้องฟิล์ม AGFAPHOTO 35mm กล้องฟิล์มเปลี่ยนฟิล์มได้ ใช้ซ้ำได้,"฿2,622.00"
395,ส่งฟรี ทุกท้องที่ กล้องฟิล์ม AgfaPhoto Reusable Photo Camera 35mm Agfa กล้องฟิล์มเปลี่ยนฟิล์มได้ ใช้ซ้ำได้,"฿2,622.00"
396,"ส่งฟรี ทุกท้องที่ Ko dak M35 , M38 กล้องถ่ายรูป เปลี่ยนฟิล์มได้ มีแฟลชในตัว (เฉพาะกล้อง)","฿1,438.00"
397,ส่งฟรี ทุกท้องที่ กล้องฟิล์ม Agfa Photo Reusable Photo Camera 35mm *เปลี่ยนฟิล์มใหม่ใช้งานต่อได้,"฿2,622.00"
398,"ส่งฟรี ทุกท้องที่ กล้อง + ฟิล์ม + ถ่าน Ko dak M35, M38 มี 8 สี ถูกที่สุด ของแท้","฿1,899.00"
399,ส่งฟรี ทุกท้องที่ กล้องฟิล์ม AgfaPhoto Reusable Photo Camera 35mm เปลี่ยนฟิล์มได้ ใช้ซ้ำได้ สไตล์คลาสสิค ใส่ฟิล์มแล้วกดชัตเตอร์ได้เลย,"฿2,622.00"
400,"ส่งฟรี ทุกท้องที่ Ko dak M38, M35 แถมถ่าน Panasonic Alkaline AAA 2 ก้อน Camera กล้องถ่ายรูป เปลี่ยนฟิล์มได้ มีแฟลชในตัว","฿1,503.00"
401,ส่งฟรี ทุกท้องที่ AGFAPHOTO 35mm กล้องฟิล์ม 35mm กล้องฟิล์มเปลี่ยนฟิล์มได้ ใช้ซ้ำได้,"฿2,622.00"
402,ส่งฟรี ทุกท้องที่ Fuji film Instax mini 9 BNK48 Edition (ของใหม่อยู่ในซีล),"฿5,045.00"
403,ขายกล้องฟิล์ม Minolta A3700i Serial  58001775 พร้อมเลนส์ Sigma 28-80mm Macro,"฿4,900.00"
404,Kodak กล้องฟิล์ม Vintage Retro M35 35mm Reusable Film Camera (ประกันศูนย์),"฿1,398.00"
405,ส่งฟรี ทุกท้องที่ （2021）กล้องฟิล์ม ทรงวินเทจ เหมาะสะสม ส่งซ่อม เป็นพร็อพ ตั้งโชว์ หรือเป็นอะไหล่ V8nK,"฿1,582.00"
406,"กล้อง + ฟิล์ม + ถ่าน KODAK M35, M38 มี 8 สี ถูกที่สุด ของแท้","฿1,998.00"
407,ส่งฟรี ทุกท้องที่ Fuji film Instax Mini 11 ghyi,"฿4,156.00"
408,"Kodak M35 , M38 กล้องถ่ายรูป เปลี่ยนฟิล์มได้ มีแฟลชในตัว (เฉพาะกล้อง)","฿1,398.00"
409,ส่งฟรี ทุกท้องที่ กล้องฟิล์ม Yashica MF-1,"฿2,807.00"
410,ส่งฟรี ทุกท้องที่ สายคล้องกล้อง สะพายคล้องคอ รุ่นเชือกปีนเขาถัก สายกล้อง camera neck straps nylon rope สายกล้องฟิล์ม ZV-E10 mirrorle,"฿2,744.00"
411,"ส่งฟรี ทุกท้องที่ Ko dak M38, M35 Camera มี 8 สี กล้องถ่ายรูป เปลี่ยนฟิล์มได้ มีแฟลชในตัว","฿1,438.00"
